Protocol of Changes												
sys_varlog_name	sys_varlog_action	sys_varlog_date	sys_varlog_comment		sys_aclog_name	sys_aclog_type	sys_aclog_action	sys_aclog_date	sys_aclog_comment			
variable name	action	date	manual comment		acro	type	action	date	manual comment			
bin	delete	5/12/2009			IR	in kind	delete	3/27/2009				
pin	delete	5/12/2009			IR	income	delete	3/27/2009				
kfb	add	5/12/2009			IR	tax	delete	3/27/2009				
dsu00	add	5/12/2009			IV	income	changed level	3/27/2009	"to first level to avoid iv included as part of monetary non imputed income (e.g., imputed rent as part of property income)"			
dsu01	add	5/12/2009			IV	expenditure	changed level	3/27/2009				
dsu02	add	5/12/2009			IV	in kind	add	3/27/2009				
lowas	add	5/12/2009			-	variable type	add level	3/27/2009	in kind income			
yivwg	add	5/12/2009			HO	in kind	add	3/27/2009				
kivho	add	5/12/2009			-	housing	add level	3/27/2009				
phl	add	5/12/2009			OO	in kind	add	3/27/2009				
dwt	change	5/12/2009			PB	in kind	add	3/27/2009				
dms	change	5/12/2009			FB	in kind	add	5/12/2009				
dgn	change	5/12/2009			SU	demographic	add	5/12/2009				
dec	change	5/12/2009			AS	labour market	add	5/12/2009				
dag	change	5/12/2009			IN	benefit	delete	5/12/2009				
bsa_s	change	5/12/2009			SI	tax	add	7/24/2009				
bch_s	change	5/12/2009			LF	tax	add	7/24/2009				
les	change	5/12/2009			UF	expenditure	add	7/24/2009				
poa	change	5/12/2009			UF	tax	add	7/24/2009				
tin_s	change	5/12/2009			17	system	add	7/24/2009				
tscee_s	change	5/12/2009			18	system	add	7/24/2009				
tscer_s	change	5/12/2009			19	system	add	7/24/2009				
tscse_s	change	5/12/2009			20	system	add	7/24/2009				
yem	change	5/12/2009			GV	tax	add	7/24/2009				
yse	change	5/12/2009			EV	income	add	8/6/2009				
tsceesi_s	add	7/24/2009			NR	income	add	8/6/2009				
tscersi_s	add	7/24/2009			ED	tax	add	12/14/2009				
tscsesi_s	add	7/24/2009			HE	tax	add	12/14/2009				
tintasp_s	add	7/24/2009			IR	tax	add	12/14/2009				
tintauf_s	add	7/24/2009			EQ	income	add	12/14/2009				
xuf	add	7/24/2009			CU	demographic	add	12/14/2009				
tinrf_s	add	7/24/2009			DP	demographic	add	12/14/2009				
tintast_s	add	7/24/2009			LG	demographic	add	1/18/2010				
tinpx_s	add	7/24/2009			ND	system	add	1/18/2010				
tinty_s	add	7/24/2009			21	system	add	1/18/2010				
bcrch_s	add	7/24/2009			22	system	add	1/18/2010				
sin13_s	add	7/24/2009			23	system	add	1/18/2010				
sin14_s	add	7/24/2009			24	system	add	1/18/2010				
sin15_s	add	7/24/2009			25	system	add	1/18/2010				
sin16_s	add	7/24/2009			26	system	add	1/18/2010				
sin17_s	add	7/24/2009			27	system	add	1/18/2010				
sin18_s	add	7/24/2009			28	system	add	1/18/2010				
sin19_s	add	7/24/2009			29	system	add	1/18/2010				
sin20_s	add	7/24/2009			30	system	add	1/18/2010				
ysepv	add	7/24/2009			31	system	add	1/18/2010				
tsctbse_s	add	7/24/2009			32	system	add	1/18/2010				
tintyjt_s	add	7/24/2009			33	system	add	1/18/2010				
tschlgv_s	add	7/24/2009			34	system	add	1/18/2010				
tintadb_s	add	7/24/2009			35	system	add	1/18/2010				
tintalf_s	add	7/24/2009			36	system	add	1/18/2010				
tintrch_s	add	7/24/2009			37	system	add	1/18/2010				
yemmy	change	7/24/2009	not monetary		38	system	add	1/18/2010				
ysemy	change	7/24/2009	not monetary		39	system	add	1/18/2010				
bunmy	change	7/24/2009	not monetary		40	system	add	1/18/2010				
lpemy	change	7/24/2009	not monetary		41	system	add	1/18/2010				
lunmy	change	7/24/2009	not monetary		42	system	add	1/18/2010				
lap00	add	8/6/2009			43	system	add	1/18/2010				
lse00	add	8/6/2009			44	system	add	1/18/2010				
xhcrt	add	8/6/2009			45	system	add	1/18/2010				
yseev	add	8/6/2009			46	system	add	1/18/2010				
ysenr_s	add	8/6/2009			47	system	add	1/18/2010				
ysenr	add	8/6/2009			48	system	add	1/18/2010				
tintadt_s	add	12/14/2009			49	system	add	1/18/2010				
tintahm_s	add	12/14/2009			50	system	add	1/18/2010				
tintatb_s	add	12/14/2009			GT	tax	add	1/18/2010				
tintatc_s	add	12/14/2009			BA	tax	add	1/18/2010				
tintcri_s	add	12/14/2009			XM	income	add	1/18/2010				
tintcly_s	add	12/14/2009			XY	income	add	1/18/2010				
bsaoa_s	add	12/14/2009			QB	demographic	add	1/25/2010				
yiviy_s	add	12/14/2009			BL	labour market	add	1/25/2010				
yivpr_s	add	12/14/2009			TP	assets	add	1/25/2010				
yiviy01_s	add	12/14/2009			CD	labour market	add	3/2/2010				
yivpr01_s	add	12/14/2009			CT	labour market	add	3/2/2010				
tscerfa_s	add	12/14/2009			FC	labour market	add	3/2/2010				
tscerdc_s	add	12/14/2009			FR	labour market	add	3/2/2010				
tscersf_s	add	12/14/2009			MO	assets	add	3/2/2010				
tscered_s	add	12/14/2009			YL	assets	add	3/2/2010				
tscerhe_s	add	12/14/2009			LV	assets	add	3/2/2010				
tscerir_s	add	12/14/2009			AM	expenditure	add	3/2/2010				
tscerei_s	change	12/14/2009			BE	tax	add	3/2/2010				
yemeq_s	add	12/14/2009			IM	labour market	add	3/4/2010				
tsceerd_s	add	12/14/2009			LE	labour market	add	3/4/2010				
tintasp_s	change	12/14/2009			SL	benefit	add	3/16/2010				
tsceesp_s	add	12/14/2009			ER	benefit	add	3/16/2010				
tinwhtace_s	add	12/14/2009			CH	income	add	3/16/2010				
tinwhtasp_s	add	12/14/2009			-	means test	add level	3/16/2010				
tinwhtb_s	add	12/14/2009			DG	income	add	3/16/2010				
tinwhts_s	add	12/14/2009			MN	income	add	3/16/2010				
tintcrg_s	add	12/14/2009			LO	income	add	3/16/2010				
tscwheesp_s	add	12/14/2009			FP	benefit	add	3/19/2010				
tscerrd_s	add	12/14/2009			MP	demographic	add	3/19/2010				
tscpe_s	add	12/14/2009			RA	income	add	4/22/2010				
dcu	add	12/14/2009			NA	income	add	4/22/2010				
byr	add	12/14/2009			RG	labour market	add	4/22/2010				
xhcrt	change	12/14/2009			CT	tax	add	4/26/2010				
tinwhtc_s	add	12/14/2009			TK	system	add	7/20/2010				
ddp_s	add	12/14/2009			FU	tax	add	8/9/2010				
poa_s	add	12/14/2009			YR	labour market	add	8/16/2010				
tscdb_s	add	12/14/2009			LG	tax	add	9/8/2010				
byr_s	add	12/14/2009			HK	tax	add	9/8/2010				
tinkt_s	add	12/14/2009			TA	demographic	add	10/1/2010				
tinmu_s	add	12/14/2009			HT	tax	add	10/1/2010				
tinna_s	change	12/14/2009			PU	benefit	add	1/19/2011				
tintcrt_s	add	1/18/2010			UT	benefit	add	1/19/2011				
tintcdb_s	add	1/18/2010			-	type / period	add level	3/31/2011				
tintcst_s	add	1/18/2010			my	in kind	add	3/31/2011				
bfapl_s	add	1/18/2010			IA	labour market	add	6/16/2011				
bfapl	add	1/18/2010			AM	benefit	add	8/31/2011				
bchmt	add	1/18/2010			RH	tax	add	8/31/2011				
tscerot_s	add	1/18/2010			RH	expenditure	add	8/31/2011				
tsceeot_s	add	1/18/2010			HI	tax	add	8/31/2011				
tsctber_s	add	1/18/2010			FA	labour market	add	10/4/2011				
tsctbee_s	add	1/18/2010			OR	labour market	add	10/4/2011				
tsctbun_s	add	1/18/2010			pr	demographic	add	10/4/2011				
tscunee_s	add	1/18/2010			ch	demographic	add	10/4/2011				
tscuner_s	add	1/18/2010			sys_aclog_end							
tintach_s	add	1/18/2010										
tintadp_s	add	1/18/2010										
tintaee_s	add	1/18/2010										
tintcmg_s	add	1/18/2010										
tsceemy_s	add	1/18/2010										
tscermy_s	add	1/18/2010										
tscsemy_s	add	1/18/2010										
lunmy_s	add	1/18/2010										
liwmy_s	add	1/18/2010										
yempv_s	add	1/18/2010										
yem_s	add	1/18/2010										
bunctmy	add	1/18/2010										
bunctmy_s	add	1/18/2010										
bunncmy	add	1/18/2010										
bunncmy_s	add	1/18/2010										
dlg_s	add	1/18/2010										
snc_s	add	1/18/2010										
sncnd_s	add	1/18/2010										
snd_s	add	1/18/2010										
sin21_s	add	1/18/2010										
sin22_s	add	1/18/2010										
sin23_s	add	1/18/2010										
sin24_s	add	1/18/2010										
sin25_s	add	1/18/2010										
sin26_s	add	1/18/2010										
sin27_s	add	1/18/2010										
sin28_s	add	1/18/2010										
sin29_s	add	1/18/2010										
sin30_s	add	1/18/2010										
sin31_s	add	1/18/2010										
sin32_s	add	1/18/2010										
sin33_s	add	1/18/2010										
sin34_s	add	1/18/2010										
sin35_s	add	1/18/2010										
sin36_s	add	1/18/2010										
sin37_s	add	1/18/2010										
sin38_s	add	1/18/2010										
sin39_s	add	1/18/2010										
sin40_s	add	1/18/2010										
sin41_s	add	1/18/2010										
sin42_s	add	1/18/2010										
sin43_s	add	1/18/2010										
sin44_s	add	1/18/2010										
sin45_s	add	1/18/2010										
sin46_s	add	1/18/2010										
sin47_s	add	1/18/2010										
sin48_s	add	1/18/2010										
sin49_s	add	1/18/2010										
sin50_s	add	1/18/2010										
psuwd00	add	1/18/2010										
psuot	add	1/18/2010										
psuwdcm_s	add	1/18/2010										
tintbit_s	add	1/18/2010										
tintbjt_s	add	1/18/2010										
tingt_s	add	1/18/2010										
tingtit_s	add	1/18/2010										
tingtjt_s	add	1/18/2010										
psuwdcm	add	1/18/2010										
poamy	add	1/18/2010										
psumy	add	1/18/2010										
twl	add	1/18/2010										
poanc_s	add	1/18/2010										
ysv	add	1/18/2010										
bchdi_s	add	1/18/2010										
bchrg_s	add	1/18/2010										
bsarg_s	add	1/18/2010										
tintcbarg_s	add	1/18/2010										
tintcdbrg_s	add	1/18/2010										
tintcoarg_s	add	1/18/2010										
tintcit_s	add	1/18/2010										
tintcjt_s	add	1/18/2010										
yemxm_s	add	1/18/2010										
liwft_s	add	1/18/2010										
tintcot_s	add	1/18/2010										
tintcrt_s	add	1/18/2010										
tscermy_s	delete	1/18/2010										
tsctber_s	delete	1/18/2010										
aldagar	add	1/25/2010										
aldiv_s	add	1/25/2010										
aldmv_s	add	1/25/2010										
amrmv_s	add	1/25/2010										
amriv_s	add	1/25/2010										
amrmv	add	1/25/2010										
bchor	add	1/25/2010										
bmact_s	add	1/25/2010										
bmaprct_s	add	1/25/2010										
bmaprnc_s	add	1/25/2010										
boa	add	1/25/2010										
bplct_s	add	1/25/2010										
bsu	add	1/25/2010										
drgur	add	1/25/2010										
sel01_s	add	1/25/2010										
srr_s	add	1/25/2010										
amrtp	add	1/25/2010										
dqb	add	1/25/2010										
lbl	add	1/25/2010										
lpmfc	add	3/2/2010										
lpmfr	add	3/2/2010										
lochz	add	3/2/2010										
lcd01	add	3/2/2010										
lcd02	add	3/2/2010										
lcd03	add	3/2/2010										
lcd04	add	3/2/2010										
lcd05	add	3/2/2010										
bfalg	add	3/2/2010										
pfa	add	3/2/2010										
bchlg	add	3/2/2010										
bchlg_s	change	3/2/2010										
bfawc	add	3/2/2010										
bfawc_s	add	3/2/2010										
bfacs	add	3/2/2010										
bfaot	add	3/2/2010										
bunot	add	3/2/2010										
poaot	add	3/2/2010										
boact	add	3/2/2010										
boact_s	add	3/2/2010										
boanc	add	3/2/2010										
boanc_s	add	3/2/2010										
bsaot	add	3/2/2010										
amoyl	add	3/2/2010										
amolv	add	3/2/2010										
xmpam	add	3/2/2010										
xmpot	add	3/2/2010										
tsceefa_s	add	3/2/2010										
tscbesi_s	add	3/2/2010										
tscseot_s	add	3/2/2010										
tscfrpi_s	add	3/2/2010										
tscfrsi_s	add	3/2/2010										
tintcmp_s	add	3/2/2010										
dhr	add	3/4/2010										
lim	add	3/4/2010										
lhw00	add	3/4/2010										
lhw01	add	3/4/2010										
lle	add	3/16/2010										
yiytx	add	3/16/2010										
yls	add	3/16/2010										
bdioa	add	3/16/2010										
bdisc	add	3/16/2010										
bdimb	add	3/16/2010										
bdict	add	3/16/2010										
bdiwi	add	3/16/2010										
bcrdi	add	3/16/2010										
bdisv	add	3/16/2010										
bhlwk	add	3/16/2010										
boawr	add	3/16/2010										
bsuwd	add	3/16/2010										
bedes	add	3/16/2010										
bedsl	add	3/16/2010										
bmana	add	3/16/2010										
bmaer	add	3/16/2010										
boamt	add	3/16/2010										
bfamt	add	3/16/2010										
bwkmt	add	3/16/2010										
tpcpe	add	3/16/2010										
tmu	add	3/16/2010										
ked	add	3/16/2010										
khl	add	3/16/2010										
xhcrt	change	3/16/2010										
bsa	change	3/16/2010										
boact00	add	3/16/2010										
boactcm	add	3/16/2010										
boaht_s	add	3/16/2010										
bunmt_s	add	3/16/2010										
boa_s	add	3/16/2010										
boa_s	delete	3/16/2010										
boamt_s	add	3/16/2010										
byr	change	3/16/2010										
boamtmm_s	add	3/16/2010										
boamtxp_s	add	3/16/2010										
bwkmtcmyn_s	add	3/16/2010										
bmu_s	add	3/16/2010										
ychot_s	add	3/16/2010										
ychmp_s	add	3/16/2010										
yiviy01_s	add	3/16/2010										
ydg01_s	add	3/16/2010										
ydg02_s	add	3/16/2010										
ydg02_s	delete	3/16/2010										
ydg03_s	add	3/16/2010										
ydg04_s	add	3/16/2010										
ymn01_s	add	3/16/2010										
ymn02_s	add	3/16/2010										
yiviy03_s	add	3/16/2010										
bfamt_s	add	3/16/2010										
bwkmt_s	add	3/16/2010										
yselo_s	add	3/16/2010										
lhw00	change	3/16/2010										
lhw01	change	3/16/2010										
yiynt	add	3/16/2010										
bfawc	delete	3/18/2010										
bfawc_s	delete	3/18/2010										
tscfrot_s	add	3/18/2010										
bched	add	3/18/2010										
lct	add	3/18/2010										
bfafp	add	3/19/2010										
tin00_s	add	3/19/2010										
tispy	add	3/19/2010										
tin00_s	change	3/19/2010										
dmp	add	3/19/2010										
afc	change	4/1/2010										
tintals_s	add	4/13/2010										
lserg	add	4/22/2010										
ysera	add	4/22/2010										
ysena	add	4/22/2010										
tscctpi_s	add	4/26/2010										
tscctui_s	add	4/26/2010										
tscersv_s	add	4/28/2010										
tsceesf_s	add	4/28/2010										
bunct02_s	add	4/28/2010										
tinta01_s	add	4/28/2010										
ypp01	add	4/28/2010										
ypp02	add	4/28/2010										
bmals	add	4/28/2010										
bmase	add	4/28/2010										
bunctmy01	add	4/28/2010										
bunctmy02	add	4/28/2010										
kfb_s	add	4/28/2010										
tpceepx	add	7/13/2010										
tpcee_s	add	7/13/2010										
afc	change	7/14/2010										
amrrm	change	7/14/2010										
amrtn	change	7/14/2010										
bch	change	7/14/2010										
bho	change	7/14/2010										
bot	change	7/14/2010										
bunct	change	7/14/2010										
buntr	change	7/14/2010										
dag	change	7/14/2010										
dct	change	7/14/2010										
dcz	change	7/14/2010										
ddi	change	7/14/2010										
ddt	change	7/14/2010										
dec	change	7/14/2010										
deh	change	7/14/2010										
dew	change	7/14/2010										
dey	change	7/14/2010										
dgn	change	7/14/2010										
dms	change	7/14/2010										
drgn1	change	7/14/2010										
dwt	change	7/14/2010										
kivho	change	7/14/2010										
lcr	change	7/14/2010										
lcs	change	7/14/2010										
les	change	7/14/2010										
lfs	change	7/14/2010										
lhw	change	7/14/2010										
lin	change	7/14/2010										
liwwh	change	7/14/2010										
lle	change	7/14/2010										
loc	change	7/14/2010										
lowas	change	7/14/2010										
lpm	change	7/14/2010										
xcc	change	7/14/2010										
xhcmomc	change	7/14/2010										
xhcmomi	change	7/14/2010										
xhcot	change	7/14/2010										
xhcsc	change	7/14/2010										
xmp	change	7/14/2010										
yem	change	7/14/2010										
yiy	change	7/14/2010										
yot	change	7/14/2010										
ypp	change	7/14/2010										
ypr	change	7/14/2010										
yptmp	change	7/14/2010										
yptot	change	7/14/2010										
yse	change	7/14/2010										
yse	change	7/14/2010										
stk01	delete	7/20/2010										
stk01_s	add	7/20/2010										
stk_s	add	7/22/2010										
stk02_s	add	7/22/2010										
stk03_s	add	7/22/2010										
stk04_s	add	7/22/2010										
stk05_s	add	7/22/2010										
stk06_s	add	7/22/2010										
stk07_s	add	7/22/2010										
stk08_s	add	7/22/2010										
stk_s	delete	7/22/2010										
stk08_s	delete	7/30/2010										
stk07_s	delete	7/30/2010										
tscerci_s	add	8/5/2010										
tscseci_s	add	8/5/2010										
tscseac_s	add	8/5/2010										
tscseir_s	add	8/5/2010										
tintape_s	add	8/9/2010										
tinfu_s	add	8/9/2010										
afc00_s	add	8/11/2010										
bhope_s	add	8/12/2010										
lyrmy_s	add	8/16/2010										
lyrmy_s	delete	8/16/2010										
lyrmy	add	8/16/2010										
bchbarg_s	add	9/8/2010										
bchlgrg_s	add	9/8/2010										
bchucrg_s	add	9/8/2010										
bchbamtrg_s	add	9/8/2010										
bchbaucrg_s	add	9/8/2010										
bchmtrg_s	add	9/8/2010										
bchlgmtrg_s	add	9/8/2010										
bchlgucrg_s	add	9/8/2010										
bchbamtna_s	add	9/8/2010										
tintcfarg_s	add	9/8/2010										
tintcccrg_s	add	9/8/2010										
poanc00_s	add	9/8/2010										
poancna_s	add	9/8/2010										
poancrg_s	add	9/8/2010										
tintcrtrg_s	add	9/8/2010										
tintclprg_s	add	9/8/2010										
tintchkrg_s	add	9/8/2010										
tintceerg_s	add	9/8/2010										
bchdi	add	9/8/2010										
bchbaucna_s	add	9/9/2010										
ddita	add	10/1/2010										
tintaht_s	add	10/1/2010										
xhl	add	10/1/2010										
tintctu_s	add	10/1/2010										
xht	add	10/1/2010										
bsaht_s	add	10/1/2010										
boacs_s	add	10/1/2010										
txc_s	add	10/1/2010										
xed	change	10/1/2010										
amrar	change	10/1/2010										
tintchl_s	change	10/1/2010										
tintadb_s	change	10/1/2010										
dey	change	10/1/2010										
yemmy	change	10/1/2010										
ysemy	change	10/1/2010										
tinta00_s	change	10/1/2010										
yiyot	add	10/6/2010										
tsccthl_s	add	10/7/2010										
tpcctpi_s	add	10/7/2010										
tinrt_s	add	10/12/2010										
bfalg_s	add	10/12/2010										
yivwg	change	10/14/2010										
xpp	change	10/14/2010										
xhcot	change	10/14/2010										
tintapv_s	change	10/14/2010										
tschlfx_s	add	11/12/2010										
tschl_s	add	11/12/2010										
tschl00_s	add	11/12/2010										
bhlsp_s	add	11/12/2010										
pxp_s	add	11/24/2010										
tinpe_s	add	11/24/2010										
poaps	add	1/19/2011										
poact_s	add	1/19/2011										
poact	add	1/19/2011										
pyr_s	add	1/19/2011										
psuwdct_s	add	1/19/2011										
pdi_s	add	1/19/2011										
poals	add	1/19/2011										
psuwdnc_s	add	1/19/2011										
bdict_s	add	1/19/2011										
bsaab	add	1/19/2011										
bdinc_s	add	1/19/2011										
bho00	add	1/19/2011										
bhoht	add	1/19/2011										
bhl_s	add	1/19/2011										
bcc_s	add	1/19/2011										
tpceepi	add	1/19/2011										
bhout	add	1/19/2011										
poapu	add	1/19/2011										
psuwdct	add	1/19/2011										
bdinc	add	1/19/2011										
tintcoa_s	add	1/19/2011										
tintcwd_s	add	1/19/2011										
tintchc_s	add	1/19/2011										
psuwdnc	add	1/19/2011										
tpcee	add	1/19/2011										
tinsv_s	add	1/19/2011										
yprmr	add	1/19/2011										
phlmy	add	1/19/2011										
tintcht_s	add	2/16/2011										
tintcpv_s	add	2/16/2011										
lcr01	add	3/24/2011										
lcr02	add	3/24/2011										
tmu01	add	3/24/2011										
tmu02	add	3/24/2011										
bch01_s	add	3/31/2011										
bch02_s	add	3/31/2011										
bpl	add	3/31/2011										
kfbmy	add	3/31/2011										
pdimy	add	3/31/2011										
tintcui_s	add	3/31/2011										
tintcuf_s	add	3/31/2011										
yemtx	add	5/24/2011										
yemnt	add	5/24/2011										
yst	add	5/24/2011										
tscctfa	add	5/24/2011										
tscctfamy	add	5/24/2011										
bcrbafh	add	5/24/2011										
bdirw	add	5/24/2011										
tscerhlct_s	add	5/24/2011										
tscerhlbe_s	add	5/24/2011										
tscctfa01_s	add	5/24/2011										
tscctfa02_s	add	5/24/2011										
tscctfa03_s	add	5/24/2011										
tscctfa04_s	add	5/24/2011										
tsccthl01_s	add	5/24/2011										
tsccthl02_s	add	5/24/2011										
tscerhlbe_s	delete	5/24/2011										
tscerhlct_s	delete	5/24/2011										
taj_s	add	5/24/2011										
bfalp	add	6/16/2011										
bma_s	add	6/16/2011										
lsdmy	add	6/16/2011										
liamy	add	6/16/2011										
bfalp	change	6/16/2011										
bsaen_s	add	6/17/2011										
bsamt01_s	add	6/17/2011										
bsamt03_s	add	6/17/2011										
bunmtmy_s	add	7/7/2011										
bunmt_s	change	7/7/2011										
bfacc	add	8/1/2011										
pditx	add	8/1/2011										
pdiss01	add	8/1/2011										
pdiss02	add	8/1/2011										
pdint	add	8/1/2011										
poatx	add	8/1/2011										
psutx	add	8/1/2011										
pdiss_s	add	8/1/2011										
poass_s	add	8/1/2011										
bfama_s	add	8/1/2011										
psuss_s	add	8/1/2011										
bfana_s	add	8/1/2011										
bfaba_s	add	8/1/2011										
bsamm_s	add	8/1/2011										
bhomu_s	add	8/1/2011										
bfamapr_s	add	8/1/2011										
pss_s	add	8/1/2011										
tintamm_s	add	8/1/2011										
tintase_s	add	8/1/2011										
tintboy_s	add	8/1/2011										
tintbse_s	add	8/1/2011										
drgur00	add	8/1/2011										
bfacc_s	add	8/1/2011										
bfawk	add	8/1/2011										
bfawk_s	add	8/1/2011										
yivwg01	add	8/1/2011										
liwftmy	add	8/1/2011										
yivwg01_s	add	8/1/2011										
poasp	add	8/3/2011										
bedet_s	add	8/3/2011										
bfamh	add	8/3/2011										
bfamh	change	8/3/2011										
bml	add	8/3/2011										
l01	add	8/3/2011										
bml	change	8/3/2011										
poant	add	8/3/2011										
liwwh_s	add	8/3/2011										
bunsa	add	8/3/2011										
bunsa_s	add	8/3/2011										
tscer00_s	add	8/3/2011										
tscer01_s	add	8/3/2011										
tscer02_s	add	8/3/2011										
tscer03_s	add	8/3/2011										
tscer04_s	add	8/3/2011										
tscgv_s	add	8/3/2011										
bsawk_s	add	8/8/2011										
bsanw_s	add	8/8/2011										
bcc_s	change	8/8/2011										
lse_s	add	8/8/2011										
tscot_s	add	8/8/2011										
tscpcpi_s	add	8/8/2011										
bdiot	add	8/8/2011										
bfaot	change	8/8/2011										
yemcs	add	8/8/2011										
bmamy	add	8/8/2011										
yemaj	add	8/8/2011										
pdimy	change	8/8/2011										
yfb00	add	8/8/2011										
yiy00	add	8/8/2011										
bunot	change	8/8/2011										
yse00	add	8/8/2011										
psu00	add	8/8/2011										
bcc	add	8/8/2011										
bfamttm_s	add	8/9/2011										
bwkmtcm_s	add	8/9/2011										
tinrato_s	add	8/9/2011										
dag	change	8/19/2011										
dct	change	8/19/2011										
dcz	change	8/19/2011										
ddi	change	8/19/2011										
ddt	change	8/19/2011										
dgn	change	8/19/2011										
dms	change	8/19/2011										
dwt	change	8/19/2011										
dsu00	change	8/19/2011										
dsu01	change	8/19/2011										
dsu02	change	8/19/2011										
dec	change	8/19/2011										
deh	change	8/19/2011										
dey	change	8/19/2011										
dew	change	8/19/2011										
drgn1	change	8/19/2011										
les	change	8/19/2011										
lcs	change	8/19/2011										
lfs	change	8/19/2011										
lin	change	8/19/2011										
lindi	change	8/19/2011										
liwmy	change	8/19/2011										
liwwh	change	8/19/2011										
loc	change	8/19/2011										
lpemy	change	8/19/2011										
lse	change	8/19/2011										
lunmy	change	8/19/2011										
lowas	change	8/19/2011										
yivwg	change	8/19/2011										
yem	change	8/19/2011										
yemmy	change	8/19/2011										
kfb	change	8/19/2011										
kfbmy	change	8/19/2011										
ypp	change	8/19/2011										
yse	change	8/19/2011										
ysemy	change	8/19/2011										
bed	change	8/19/2011										
bun	change	8/19/2011										
bhl	change	8/19/2011										
pdi	change	8/19/2011										
pdimy	change	8/19/2011										
poa	change	8/19/2011										
poamy	change	8/19/2011										
psu	change	8/19/2011										
psumy	change	8/19/2011										
kivho	change	8/19/2011										
yiy	change	8/19/2011										
ypr	change	8/19/2011										
yprrt	change	8/19/2011										
ypt	change	8/19/2011										
bfa	change	8/19/2011										
bsa	change	8/19/2011										
bho	change	8/19/2011										
tpr	change	8/19/2011										
yot	change	8/19/2011										
yds	change	8/19/2011										
tad	change	8/19/2011										
yempv	change	8/19/2011										
bunmy	change	8/19/2011										
tis	change	8/19/2011										
poatx	change	8/19/2011										
afc	change	8/19/2011										
amrrm	change	8/19/2011										
amrtn	change	8/19/2011										
xhc	change	8/19/2011										
xhcmomi	change	8/19/2011										
xhcot	change	8/19/2011										
xhcrt	change	8/19/2011										
xmp	change	8/19/2011										
xpp	change	8/19/2011										
tscee_s	change	8/19/2011										
tscer_s	change	8/19/2011										
tscse_s	change	8/19/2011										
tin_s	change	8/19/2011										
drgur	change	8/19/2011										
poass	change	8/19/2011										
psuss	change	8/19/2011										
poass	change	8/19/2011										
psutx	change	8/19/2011										
pdiss01	change	8/19/2011										
pdiss02	change	8/19/2011										
pdiss	change	8/19/2011										
pditx	change	8/19/2011										
pdint	change	8/19/2011										
bfacc	change	8/19/2011										
bfapl	change	8/19/2011										
yiynt	change	8/19/2011										
yiytx	change	8/19/2011										
pss_s	change	8/19/2011										
bun_s	change	8/19/2011										
bfapl_s	change	8/19/2011										
tintach_s	change	8/19/2011										
tintadp_s	change	8/19/2011										
tintasp_s	change	8/19/2011										
tintaee_s	change	8/19/2011										
tintapv_s	change	8/19/2011										
tintape_s	change	8/19/2011										
bml	change	8/19/2011										
bunot	change	8/19/2011										
bch	change	8/19/2011										
bchba	change	8/19/2011										
bedet	add	8/19/2011										
bedsl	change	8/19/2011										
bedet	change	8/19/2011										
bfamh	change	8/19/2011										
psuor	change	8/19/2011										
psuot	change	8/19/2011										
psuwd	change	8/19/2011										
bchba_s	change	8/19/2011										
bsa_s	change	8/19/2011										
bch_s	change	8/19/2011										
txc_s	change	8/19/2011										
tinta_s	change	8/19/2011										
tintccd_s	add	8/31/2011										
tintchlyn	add	8/31/2011										
tintclf_s	add	8/31/2011										
tintcfu_s	add	8/31/2011										
tintccdyn	add	8/31/2011										
tintcoxyn	add	8/31/2011										
tintclfyn	add	8/31/2011										
tintcfuyn	add	8/31/2011										
tintaoxyn	add	8/31/2011										
poamt00_s	add	8/31/2011										
poamt01_s	add	8/31/2011										
poamt02_s	add	8/31/2011										
sgl_s	add	8/31/2011										
bchdied	add	8/31/2011										
bchlp00	add	8/31/2011										
bchuc	add	8/31/2011										
bchuc_s	add	8/31/2011										
bfaam	add	8/31/2011										
bhoot	add	8/31/2011										
bsapm	add	8/31/2011										
bsapmot	add	8/31/2011										
bsatm	add	8/31/2011										
poacmdi	add	8/31/2011										
poacmoa	add	8/31/2011										
poacmsu	add	8/31/2011										
poafr	add	8/31/2011										
tintced_s	add	8/31/2011										
tintchi_s	add	8/31/2011										
tintcho_s	add	8/31/2011										
tintcrh_s	add	8/31/2011										
xhcrh	add	8/31/2011										
yivag00_s	add	8/31/2011										
yivag01_s	add	8/31/2011										
psu_s	add	9/6/2011										
bhlmt_s	add	9/6/2011										
bfa_s	add	9/6/2011										
tschl01_s	add	9/6/2011										
tschl02_s	add	9/6/2011										
tschl03_s	add	9/6/2011										
xmp00	add	9/6/2011										
tsceepigr_s	add	9/6/2011										
tintcch00_s	add	9/6/2011										
tintclp00_s	add	9/6/2011										
psu_s	change	9/21/2011										
bhlmt_s	change	9/21/2011										
bfa_s	change	9/21/2011										
tschl01_s	change	9/21/2011										
tschl02_s	change	9/21/2011										
tschl03_s	change	9/21/2011										
xmp00	change	9/21/2011										
tsceepigr_s	change	9/21/2011										
tintcch00_s	change	9/21/2011										
tintclp00_s	change	9/21/2011										
bsaht	add	9/21/2011										
tintart_s	add	9/21/2011										
ymn03_s	add	9/21/2011										
ymn03_s	change	9/21/2011										
bchnm01_s	add	9/21/2011										
bchnm02_s	add	9/21/2011										
bchnm01_s	change	9/21/2011										
lfa	add	10/4/2011										
lseor	add	10/4/2011										
tsccthl_s	change	10/4/2011										
tscsesi_s	change	10/4/2011										
khooo	add	10/4/2011										
khooo_s	add	10/4/2011										
tprhm_s	add	10/4/2011										
tinprtahm_s	add	10/4/2011										
tintamg_s	add	10/4/2011										
tintamimg_s	add	10/4/2011										
amoyl_s	add	10/4/2011										
amolv_s	add	10/4/2011										
xhcmomc_s	add	10/4/2011										
xhcmomi_s	add	10/4/2011										
ddppr_s	add	10/4/2011										
ddpch_s	add	10/4/2011										
yhomr_s	add	10/6/2011										
tintami01_s	add	11/8/2011										
sys_varlog_end												
